1/0003A;hu_b1_rmk-1-113a_012
1/0005A;hu_b1_rmk-1-113a_014
1/0014B;hu_b1_rmk-1-113a_024
1/0015A;hu_b1_rmk-1-113a_024
1/0022B;hu_b1_rmk-1-113a_032
1/0158B;hu_b1_rmk-1-113a_167
1/0165A;hu_b1_rmk-1-113a_173
1/0151B;hu_b1_rmk-1-113a_160
1/0023A;hu_b1_rmk-1-113a_032
1/0030B;hu_b1_rmk-1-113a_040
1/0031B;hu_b1_rmk-1-113a_041
1/0040B;hu_b1_rmk-1-113a_049
1/0041B;hu_b1_rmk-1-113a_050
1/0048B;hu_b1_rmk-1-113a_057
1/0055A;hu_b1_rmk-1-113a_063
1/0062A;hu_b1_rmk-1-113a_070
1/0063A;hu_b1_rmk-1-113a_071
1/0064A;hu_b1_rmk-1-113a_072
1/0065A;hu_b1_rmk-1-113a_073
1/0066A;hu_b1_rmk-1-113a_074
1/0067A;hu_b1_rmk-1-113a_075
1/0068A;hu_b1_rmk-1-113a_076
1/0069B;hu_b1_rmk-1-113a_078
1/0094B;hu_b1_rmk-1-113a_103
1/0096A;hu_b1_rmk-1-113a_104
1/0097A;hu_b1_rmk-1-113a_105
1/0102A;hu_b1_rmk-1-113a_110
1/0103B;hu_b1_rmk-1-113a_112
1/0105B;hu_b1_rmk-1-113a_114
1/0107B;hu_b1_rmk-1-113a_116
1/0108B;hu_b1_rmk-1-113a_117
1/0109B;hu_b1_rmk-1-113a_118
1/0110A;hu_b1_rmk-1-113a_118
1/0111A;hu_b1_rmk-1-113a_119
1/0113A;hu_b1_rmk-1-113a_121
1/0115B;hu_b1_rmk-1-113a_124
1/0117B;hu_b1_rmk-1-113a_126
1/0122B;hu_b1_rmk-1-113a_131
1/0124B;hu_b1_rmk-1-113a_133
1/0126B;hu_b1_rmk-1-113a_135
1/0128A;hu_b1_rmk-1-113a_136
1/0141A;hu_b1_rmk-1-113a_149
1/0142B;hu_b1_rmk-1-113a_151
1/0143B;hu_b1_rmk-1-113a_152
1/0145A;hu_b1_rmk-1-113a_153
1/0146A;hu_b1_rmk-1-113a_154
1/0147A;hu_b1_rmk-1-113a_155
1/0147B;hu_b1_rmk-1-113a_156
1/0149A;hu_b1_rmk-1-113a_157
1/0169B;hu_b1_rmk-1-113a_178
1/0170B;hu_b1_rmk-1-113a_179
1/0173B;hu_b1_rmk-1-113a_182
1/0176B;hu_b1_rmk-1-113a_185
1/0179B;hu_b1_rmk-1-113a_188
1/0181A;hu_b1_rmk-1-113a_189
1/0183B;hu_b1_rmk-1-113a_192
1/0184B;hu_b1_rmk-1-113a_193
1/0185B;hu_b1_rmk-1-113a_194
1/0186B;hu_b1_rmk-1-113a_195
1/0188A;hu_b1_rmk-1-113a_196
1/0189A;hu_b1_rmk-1-113a_197
1/0190A;hu_b1_rmk-1-113a_198
1/0190B;hu_b1_rmk-1-113a_199
1/0191B;hu_b1_rmk-1-113a_200
1/0192B;hu_b1_rmk-1-113a_201
1/0201A;hu_b1_rmk-1-113a_209
1/0206A;hu_b1_rmk-1-113a_214
1/0210B;hu_b1_rmk-1-113a_219
1/0212A;hu_b1_rmk-1-113a_220
1/0212A;hu_b1_rmk-1-113a_220
1/0218B;hu_b1_rmk-1-113a_227
1/0216B;hu_b1_rmk-1-113a_225
1/0217A;hu_b1_rmk-1-113a_225
1/0221A;hu_b1_rmk-1-113a_229
1/0222A;hu_b1_rmk-1-113a_230
1/0231B;hu_b1_rmk-1-113a_240
1/0232B;hu_b1_rmk-1-113a_241
1/0233B;hu_b1_rmk-1-113a_242
1/0234B;hu_b1_rmk-1-113a_243
1/0235B;hu_b1_rmk-1-113a_244
1/0236B;hu_b1_rmk-1-113a_245
1/0238A;hu_b1_rmk-1-113a_246
1/0239B;hu_b1_rmk-1-113a_248
1/0251B;hu_b1_rmk-1-113a_260
1/0256B;hu_b1_rmk-1-113a_265
1/0266B;hu_b1_rmk-1-113a_275
1/0267A;hu_b1_rmk-1-113a_275
1/0269A;hu_b1_rmk-1-113a_277
1/0272A;hu_b1_rmk-1-113a_280
1/0273B;hu_b1_rmk-1-113a_282
1/0275B;hu_b1_rmk-1-113a_284
1/0276B;hu_b1_rmk-1-113a_285
1/0277B;hu_b1_rmk-1-113a_286
1/0279B;hu_b1_rmk-1-113a_288
1/0281B;hu_b1_rmk-1-113a_290
1/0283A;hu_b1_rmk-1-113a_291
1/0284A;hu_b1_rmk-1-113a_292
1/0287B;hu_b1_rmk-1-113a_296
1/0289A;hu_b1_rmk-1-113a_297
1/0295A;hu_b1_rmk-1-113a_303
1/0296B;hu_b1_rmk-1-113a_305
1/0299A;hu_b1_rmk-1-113a_307
1/0299B;hu_b1_rmk-1-113a_308
1/0301A;hu_b1_rmk-1-113a_309
1/0303A;hu_b1_rmk-1-113a_311
1/0305A;hu_b1_rmk-1-113a_313
1/0309B;hu_b1_rmk-1-113a_318
1/0313B;hu_b1_rmk-1-113a_322
1/0315B;hu_b1_rmk-1-113a_324
1/0316B;hu_b1_rmk-1-113a_325
1/0317A;hu_b1_rmk-1-113a_325
1/0317B;hu_b1_rmk-1-113a_326
1/0318B;hu_b1_rmk-1-113a_327
1/0319A;hu_b1_rmk-1-113a_327
1/0320A;hu_b1_rmk-1-113a_328
1/0322A;hu_b1_rmk-1-113a_330
1/0327B;hu_b1_rmk-1-113a_336
1/0328A;hu_b1_rmk-1-113a_336
1/0328B;hu_b1_rmk-1-113a_337
1/0329B;hu_b1_rmk-1-113a_338
1/0344A;hu_b1_rmk-1-113a_365
1/0345A;hu_b1_rmk-1-113a_366
1/0345B;hu_b1_rmk-1-113a_367
1/0346B;hu_b1_rmk-1-113a_364
1/0347A;hu_b1_rmk-1-113a_364
2/0001A;hu_b1_rmk-1-113a_371
2/0001B;hu_b1_rmk-1-113a_372
2/0002A;hu_b1_rmk-1-113a_372
2/0002B;hu_b1_rmk-1-113a_373
2/0003A;hu_b1_rmk-1-113a_373
2/0003B;hu_b1_rmk-1-113a_374
2/0004A;hu_b1_rmk-1-113a_374
2/0004A;hu_b1_rmk-1-113a_374
2/0004B;hu_b1_rmk-1-113a_375
2/0005B;hu_b1_rmk-1-113a_376
2/0006A;hu_b1_rmk-1-113a_376
2/0007A;hu_b1_rmk-1-113a_377
2/0007B;hu_b1_rmk-1-113a_378
2/0008A;hu_b1_rmk-1-113a_378
2/0008B;hu_b1_rmk-1-113a_379
2/0009B;hu_b1_rmk-1-113a_380
2/0010A;hu_b1_rmk-1-113a_380
2/0011A;hu_b1_rmk-1-113a_381
2/0011B;hu_b1_rmk-1-113a_382
2/0013A;hu_b1_rmk-1-113a_383
2/0015A;hu_b1_rmk-1-113a_385
2/0016B;hu_b1_rmk-1-113a_387
2/0019A;hu_b1_rmk-1-113a_389
2/0020A;hu_b1_rmk-1-113a_390
2/0020B;hu_b1_rmk-1-113a_391
2/0022A;hu_b1_rmk-1-113a_392
2/0022B;hu_b1_rmk-1-113a_393
2/0023B;hu_b1_rmk-1-113a_394
2/0024B;hu_b1_rmk-1-113a_395
2/0026B;hu_b1_rmk-1-113a_397
2/0027A;hu_b1_rmk-1-113a_397
2/0028A;hu_b1_rmk-1-113a_398
2/0029A;hu_b1_rmk-1-113a_399
2/0031A;hu_b1_rmk-1-113a_401
2/0032B;hu_b1_rmk-1-113a_403
2/0033A;hu_b1_rmk-1-113a_403
2/0034B;hu_b1_rmk-1-113a_405
2/0036A;hu_b1_rmk-1-113a_406
2/0037B;hu_b1_rmk-1-113a_408
2/0038B;hu_b1_rmk-1-113a_409
2/0038B;hu_b1_rmk-1-113a_410
2/0039B;hu_b1_rmk-1-113a_411
2/0041A;hu_b1_rmk-1-113a_412
2/0041B;hu_b1_rmk-1-113a_413
2/0042B;hu_b1_rmk-1-113a_414
2/0043B;hu_b1_rmk-1-113a_415
2/0045A;hu_b1_rmk-1-113a_416
2/0045B;hu_b1_rmk-1-113a_417
2/0046B;hu_b1_rmk-1-113a_418
2/0048B;hu_b1_rmk-1-113a_420
2/0049B;hu_b1_rmk-1-113a_421
2/0051A;hu_b1_rmk-1-113a_422
2/0106B;hu_b1_rmk-1-113a_479
2/0052A;hu_b1_rmk-1-113a_423
2/0053A;hu_b1_rmk-1-113a_424
2/0054B;hu_b1_rmk-1-113a_426
2/0055A;hu_b1_rmk-1-113a_426
2/0056A;hu_b1_rmk-1-113a_427
2/0057B;hu_b1_rmk-1-113a_429
2/0058A;hu_b1_rmk-1-113a_429
2/0059A;hu_b1_rmk-1-113a_430
2/0060B;hu_b1_rmk-1-113a_432
2/0061B;hu_b1_rmk-1-113a_433
2/0062A;hu_b1_rmk-1-113a_433
2/0063A;hu_b1_rmk-1-113a_434
2/0064B;hu_b1_rmk-1-113a_436
2/0065B;hu_b1_rmk-1-113a_437
2/0066B;hu_b1_rmk-1-113a_438
2/0068A;hu_b1_rmk-1-113a_439
2/0068B;hu_b1_rmk-1-113a_440
2/0070A;hu_b1_rmk-1-113a_441
2/0071A;hu_b1_rmk-1-113a_443
2/0073A;hu_b1_rmk-1-113a_446
2/0073A;hu_b1_rmk-1-113a_445
2/0075A;hu_b1_rmk-1-113a_444
2/0077B;hu_b1_rmk-1-113a_449
2/0078B;hu_b1_rmk-1-113a_450
2/0079B;hu_b1_rmk-1-113a_451
2/0080B;hu_b1_rmk-1-113a_452
2/0081A;hu_b1_rmk-1-113a_452
2/0082A;hu_b1_rmk-1-113a_453
2/0082A;hu_b1_rmk-1-113a_453
2/0082B;hu_b1_rmk-1-113a_454
2/0083B;hu_b1_rmk-1-113a_455
2/0084A;hu_b1_rmk-1-113a_455
2/0084B;hu_b1_rmk-1-113a_456
2/0085A;hu_b1_rmk-1-113a_456
2/0085B;hu_b1_rmk-1-113a_457
2/0086B;hu_b1_rmk-1-113a_458
2/0087A;hu_b1_rmk-1-113a_458
2/0088B;hu_b1_rmk-1-113a_460
2/0090B;hu_b1_rmk-1-113a_462
2/0092B;hu_b1_rmk-1-113a_464
2/0093B;hu_b1_rmk-1-113a_465
2/0095A;hu_b1_rmk-1-113a_466
2/0096B;hu_b1_rmk-1-113a_468
2/0097A;hu_b1_rmk-1-113a_469
2/0098B;hu_b1_rmk-1-113a_471
2/0099A;hu_b1_rmk-1-113a_472
2/0100A;hu_b1_rmk-1-113a_471
2/0101A;hu_b1_rmk-1-113a_474
2/0101B;hu_b1_rmk-1-113a_475
2/0102B;hu_b1_rmk-1-113a_474
2/0104A;hu_b1_rmk-1-113a_476
2/0105B;hu_b1_rmk-1-113a_478
2/0107A;hu_b1_rmk-1-113a_479
2/0108A;hu_b1_rmk-1-113a_480
2/0108B;hu_b1_rmk-1-113a_481
2/0109B;hu_b1_rmk-1-113a_482
2/0110B;hu_b1_rmk-1-113a_483
2/0111B;hu_b1_rmk-1-113a_484
2/0113A;hu_b1_rmk-1-113a_485
2/0114A;hu_b1_rmk-1-113a_486
2/0115A;hu_b1_rmk-1-113a_487
2/0117A;hu_b1_rmk-1-113a_489
2/0118A;hu_b1_rmk-1-113a_490
2/0119B;hu_b1_rmk-1-113a_492
2/0123B;hu_b1_rmk-1-113a_496
2/0124A;hu_b1_rmk-1-113a_496
2/0125A;hu_b1_rmk-1-113a_497
2/0126A;hu_b1_rmk-1-113a_498
2/0126B;hu_b1_rmk-1-113a_499
2/0127B;hu_b1_rmk-1-113a_500
2/0128A;hu_b1_rmk-1-113a_500
